TimeStamp,Power,Temperature,Prectotland,Rhoa,Irradiance (G),Irradiance (A),Cloud
2014-10-20 12:00:00,480.4349105952001,30.565,0.0,1.138,706.618,1014.074,0.0
2014-10-20 13:00:00,441.05088887640005,30.998,0.0,1.135,640.765,939.703,0.0
2014-10-20 14:00:00,349.8040925577,30.801,0.0,1.133,484.715,792.593,0.0
2014-10-20 15:00:00,218.6948147472,30.226,0.0,1.132,320.429,582.943,0.0
2014-10-20 16:00:00,98.9353421397,28.27,0.0,1.133,143.503,324.811,0.0
2014-10-20 17:00:00,14.467490779500002,25.249,0.0,1.135,17.009,57.536,0.0
2014-10-21 06:00:00,4.9642531092,17.429,0.0,1.171,13.669,40.576,0.0
2014-10-21 07:00:00,64.7716453461,19.865,0.0,1.172,157.35,296.452,0.0
2014-10-21 08:00:00,169.6131100521,22.174,0.0,1.169,359.187,557.554,0.0
2014-10-21 09:00:00,275.62433325570004,25.598,0.0,1.157,540.685,771.859,0.0
2014-10-21 10:00:00,362.9398101714,29.435,0.0,1.144,674.073,924.749,0.0
2014-10-21 11:00:00,413.6239198872001,30.663,0.0,1.14,717.165,1005.508,0.0
2014-10-21 12:00:00,409.55505466590006,31.409,0.0,1.136,719.652,1008.845,0.0
2014-10-21 13:00:00,384.4025885007,31.747,0.0,1.133,654.562,934.474,0.0
2014-10-21 14:00:00,311.4117897066,31.842,0.0,1.131,549.357,787.59,0.0
2014-10-21 15:00:00,205.9935278742,31.407,0.0,1.13,374.233,577.943,0.0
2014-10-21 16:00:00,94.4069617161,30.133,0.0,1.131,175.363,320.044,0.0
2014-10-21 17:00:00,12.5604380088,28.232,0.0,1.132,20.144,54.69,0.0
2014-10-22 06:00:00,4.573250599500001,19.188,0.0,1.17,12.91,38.207,0.0
2014-10-22 07:00:00,61.02680009579999,20.431,0.0,1.172,153.578,291.687,0.0
2014-10-22 08:00:00,167.2585627878,22.412,0.0,1.171,351.12,552.75,0.0
2014-10-22 09:00:00,274.65582206700003,25.762,0.0,1.159,528.894,766.859,0.0
2014-10-22 10:00:00,359.7027046371,30.104,0.0,1.143,659.513,919.528,0.0
2014-10-22 11:00:00,403.2163608264,31.421,0.0,1.138,712.273,1000.279,0.0
2014-10-22 12:00:00,395.9297952885,32.086,0.0,1.135,716.44,1003.595,0.0
2014-10-22 13:00:00,365.6114769582,32.357,0.0,1.132,653.985,929.423,0.0
2014-10-22 14:00:00,291.99650757750004,32.176,0.0,1.131,513.742,782.56,0.0
2014-10-22 15:00:00,187.3671519753,31.608,0.0,1.13,343.859,573.193,0.0
2014-10-22 16:00:00,82.7441565687,30.148,0.0,1.131,154.878,315.293,0.0
2014-10-22 17:00:00,11.0952763911,27.873,0.0,1.133,16.575,51.936,0.0
2014-10-23 06:00:00,4.135728187800001,19.452,0.0,1.167,11.19,35.916,0.172
2014-10-23 07:00:00,60.1613222463,20.648,0.0,1.168,138.824,286.936,0.341
2014-10-23 08:00:00,161.67598789320002,22.53,0.0,1.167,321.699,547.772,0.741
2014-10-23 09:00:00,263.30505266340003,25.561,0.0,1.157,479.778,761.859,0.924
2014-10-23 10:00:00,351.9114871338,29.512,0.0,1.142,590.378,914.495,0.936
2014-10-23 11:00:00,404.3940031395,30.691,0.0,1.138,622.646,995.029,0.934
2014-10-23 12:00:00,404.5747561218,31.226,0.0,1.135,620.553,998.541,0.932
2014-10-23 13:00:00,368.9702091999,31.38,0.0,1.132,552.208,924.194,0.933
2014-10-23 14:00:00,291.8392662141,31.216,0.0,1.131,430.086,777.56,0.934
2014-10-23 15:00:00,193.8386151702,30.779,0.0,1.13,274.846,568.193,0.935
2014-10-23 16:00:00,85.95868909320001,29.59,0.0,1.13,119.271,310.543,0.928
2014-10-23 17:00:00,11.0175019713,27.969,0.0,1.131,13.945,49.263,0.867
2014-10-24 06:00:00,4.1275455507,19.064,0.0,1.164,8.068,33.703,0.0
2014-10-24 07:00:00,55.87172369460001,20.51,0.0,1.165,104.127,282.294,0.001
2014-10-24 08:00:00,164.57178416580004,22.349,0.0,1.164,263.201,543.0,0.0
2014-10-24 09:00:00,254.0106854109,24.883,0.0,1.156,420.808,756.826,0.0
2014-10-24 10:00:00,339.6205834857,28.921,0.0,1.142,541.482,909.245,0.0
2014-10-24 11:00:00,376.1888864778,30.377,0.0,1.137,624.26,989.975,0.0
2014-10-24 12:00:00,352.10245678740006,30.996,0.0,1.134,626.166,993.312,0.0
2014-10-24 13:00:00,303.79835504700003,31.204,0.0,1.132,564.094,919.17,0.0
2014-10-24 14:00:00,260.9595644634,30.997,0.0,1.13,433.913,772.536,0.0
2014-10-24 15:00:00,163.9823502834,30.413,0.0,1.13,278.478,563.215,0.0
2014-10-24 16:00:00,71.8873660593,28.919,0.0,1.131,116.833,305.891,0.0
2014-10-24 17:00:00,5.5425077532,26.375,0.0,1.134,11.667,46.669,0.001
2014-10-25 06:00:00,3.2163916653,17.617,0.0,1.168,8.026,31.581,0.0
2014-10-25 07:00:00,51.617657252700006,19.876,0.0,1.168,110.722,277.546,0.0
2014-10-25 08:00:00,145.2126565395,22.034,0.0,1.166,282.39,538.022,0.0
2014-10-25 09:00:00,251.797069557,25.014,0.0,1.156,449.888,751.826,0.0
2014-10-25 10:00:00,336.0346701624,28.749,0.0,1.143,577.659,904.216,0.0
2014-10-25 11:00:00,377.89620379830006,30.044,0.0,1.138,655.709,984.746,0.0
2014-10-25 12:00:00,383.49950900580006,30.721,0.0,1.135,659.012,988.062,0.0
2014-10-25 13:00:00,347.7087788031001,31.024,0.0,1.132,596.235,913.941,0.0
2014-10-25 14:00:00,265.3099564401,30.645,0.0,1.131,412.394,767.506,0.0
2014-10-25 15:00:00,167.60976408989998,29.936,0.0,1.131,259.044,558.411,0.0
2014-10-25 16:00:00,73.9364633073,28.102,0.0,1.132,104.551,301.151,0.0
2014-10-25 17:00:00,9.4684624155,26.228,0.0,1.135,9.861,44.166,0.0
2014-10-26 06:00:00,3.258670456800001,19.487,0.0,1.17,6.172,29.545,0.0
2014-10-26 07:00:00,50.9955612111,20.063,0.0,1.172,89.826,272.904,0.0
2014-10-26 08:00:00,131.9079350556,21.461,0.0,1.172,238.108,533.242,0.0
2014-10-26 09:00:00,222.0543797472,24.129,0.0,1.163,391.168,746.826,0.0
2014-10-26 10:00:00,284.0659539399,27.751,0.0,1.15,510.098,898.995,0.0
2014-10-26 11:00:00,320.939265141,29.057,0.0,1.145,574.267,979.496,0.001
2014-10-26 12:00:00,313.34038387740003,29.724,0.0,1.142,576.7,983.008,0.002
2014-10-26 13:00:00,278.7357187494,30.003,0.0,1.139,515.966,908.89,0.002
2014-10-26 14:00:00,211.6623802095,30.03,0.0,1.137,433.549,762.506,0.001
2014-10-26 15:00:00,133.0170520437,29.506,0.0,1.137,278.67,553.661,0.0
2014-10-26 16:00:00,58.0247345205,28.111,0.0,1.138,116.096,296.51,0.0
2014-10-26 17:00:00,7.1933934204000005,26.129,0.0,1.14,10.581,41.744,0.0
2014-10-27 06:00:00,2.7874370700000006,17.969,0.0,1.174,7.168,27.584,0.0
2014-10-27 07:00:00,48.4759623843,19.24,0.0,1.175,115.054,268.278,0.0
2014-10-27 08:00:00,134.3708575308,21.164,0.0,1.173,294.611,528.489,0.0
2014-10-27 09:00:00,227.56844935440003,24.365,0.0,1.162,466.803,741.826,0.0
2014-10-27 10:00:00,306.47209398300004,27.832,0.0,1.15,597.219,893.963,0.0
2014-10-27 11:00:00,357.1320958524,28.865,0.0,1.145,616.345,974.442,0.0
2014-10-27 12:00:00,359.75815597260004,29.531,0.0,1.142,625.793,977.809,0.0
2014-10-27 13:00:00,326.9367012285,29.866,0.0,1.139,569.791,903.691,0.0
2014-10-27 14:00:00,265.3945833924,29.454,0.0,1.138,373.824,757.503,0.0
2014-10-27 15:00:00,174.39187858290003,28.82,0.0,1.137,238.03,548.661,0.0
2014-10-27 16:00:00,74.5159550553,26.955,0.0,1.138,97.297,291.885,0.0
2014-10-27 17:00:00,8.312331010500001,25.245,0.0,1.14,8.68,39.412,0.0
2014-10-28 06:00:00,3.1561010316,18.363,0.0,1.168,5.8,25.706,0.014
2014-10-28 07:00:00,42.254736034500006,19.071,0.0,1.17,94.867,263.659,0.017
2014-10-28 08:00:00,112.4819188713,20.836,0.0,1.17,249.197,523.52,0.013
2014-10-28 09:00:00,151.2666397143,23.035,0.0,1.164,402.359,736.826,0.006
2014-10-28 10:00:00,184.8668711373,27.544,0.0,1.147,518.834,888.767,0.001
2014-10-28 11:00:00,255.9093000651,29.085,0.0,1.142,577.432,969.243,0.006
2014-10-28 12:00:00,279.0656664741,29.613,0.0,1.139,572.537,972.559,0.026
2014-10-28 13:00:00,313.1117721765,29.708,0.002,1.137,501.352,898.637,0.122
2014-10-28 14:00:00,259.420797009,29.333,0.001,1.136,356.86,752.503,0.221
2014-10-28 15:00:00,146.4951355758,28.689,0.0,1.136,203.921,543.907,0.32
2014-10-28 16:00:00,34.347467068200004,27.104,0.0,1.138,76.551,287.243,0.276
2014-10-28 17:00:00,4.0816547640000005,25.36,0.0,1.139,7.359,37.161,0.139
2014-10-29 06:00:00,1.7337345003,16.144,0.0,1.172,6.488,23.9,0.0
2014-10-29 07:00:00,39.3644395386,18.359,0.0,1.174,114.396,259.142,0.0
2014-10-29 08:00:00,111.7753101135,20.758,0.0,1.172,294.442,518.751,0.0
2014-10-29 09:00:00,194.30853783660004,23.524,0.0,1.164,465.62,731.826,0.0
2014-10-29 10:00:00,269.0461102725,27.828,0.0,1.148,594.974,883.713,0.0
2014-10-29 11:00:00,319.43608664220005,29.244,0.0,1.143,617.359,964.192,0.0
2014-10-29 12:00:00,331.7687465796,29.857,0.0,1.14,622.945,967.508,0.0
2014-10-29 13:00:00,310.74910260570005,30.004,0.0,1.138,562.637,893.637,0.0
2014-10-29 14:00:00,255.62508260850004,29.627,0.0,1.138,436.703,747.524,0.005
2014-10-29 15:00:00,164.554958898,28.75,0.0,1.138,278.116,539.128,0.003
2014-10-29 16:00:00,72.55386150209999,26.316,0.0,1.14,112.23,282.716,0.004
2014-10-29 17:00:00,8.0363107836,22.995,0.0,1.143,9.021,34.978,0.032
2014-10-30 06:00:00,2.3619474549,15.419,0.0,1.176,6.114,22.177,0.01
2014-10-30 07:00:00,49.9781528334,17.435,0.0,1.177,115.918,254.629,0.02
2014-10-30 08:00:00,143.19708252299998,20.222,0.0,1.175,301.47,513.999,0.023
2014-10-30 09:00:00,247.1593203189001,23.153,0.0,1.166,475.561,727.043,0.028
2014-10-30 10:00:00,342.12419503020004,27.093,0.0,1.152,605.31,878.713,0.11
2014-10-30 11:00:00,398.4124678677,28.516,0.0,1.147,671.623,958.963,0.198
2014-10-30 12:00:00,408.2026279617,29.265,0.0,1.143,672.465,962.279,0.17
2014-10-30 13:00:00,375.1560031923,29.595,0.0,1.141,611.389,888.604,0.053
2014-10-30 14:00:00,289.8228816549,29.112,0.0,1.139,410.737,742.524,0.0
2014-10-30 15:00:00,191.0480266431,28.297,0.0,1.139,257.233,534.378,0.0
2014-10-30 16:00:00,84.50254526670001,25.715,0.0,1.141,101.205,278.118,0.0
2014-10-30 17:00:00,8.4939705477,22.722,0.0,1.143,7.917,32.898,0.0
2014-10-31 06:00:00,2.5799377032000006,14.635,0.0,1.178,5.35,20.534,0.001
2014-10-31 07:00:00,56.370446599500006,16.611,0.0,1.18,108.391,250.127,0.042
2014-10-31 08:00:00,169.5796022844,19.665,0.0,1.179,290.86,509.347,0.122
2014-10-31 09:00:00,270.3586658553,22.463,0.0,1.171,467.428,722.043,0.036
2014-10-31 10:00:00,354.8147189895001,26.654,0.0,1.155,601.794,873.683,0.018
2014-10-31 11:00:00,408.420081333,28.294,0.0,1.15,664.323,953.939,0.006
2014-10-31 12:00:00,407.0388096324,29.08,0.0,1.146,670.136,957.276,0.0
2014-10-31 13:00:00,350.16618854250004,29.313,0.0,1.144,608.126,883.408,0.0
2014-10-31 14:00:00,270.70943994270004,28.972,0.0,1.142,478.317,737.72,0.0
2014-10-31 15:00:00,185.8507480071,28.115,0.0,1.142,312.688,529.628,0.0
2014-10-31 16:00:00,82.5248665989,25.33,0.0,1.144,130.208,273.602,0.0
2014-10-31 17:00:00,7.512414772500001,21.489,0.0,1.147,9.332,30.884,0.0
2014-11-01 06:00:00,2.5094582766,13.451,0.0,1.182,5.963,18.97,0.0
2014-11-01 07:00:00,52.6011722478,15.914,0.0,1.184,129.795,245.681,0.0
2014-11-01 08:00:00,156.7535694813,19.156,0.0,1.182,328.034,504.707,0.0
2014-11-01 09:00:00,261.6720662358,22.301,0.0,1.172,506.733,717.065,0.0
2014-11-01 10:00:00,344.46282263910007,27.166,0.0,1.154,638.117,868.68,0.0
2014-11-01 11:00:00,390.1972102083,28.733,0.0,1.148,680.076,948.713,0.0
2014-11-01 12:00:00,389.6917583724001,29.504,0.0,1.145,683.096,952.225,0.0
2014-11-01 13:00:00,347.54907325050004,29.773,0.0,1.142,618.736,878.378,0.0
2014-11-01 14:00:00,268.44532606980005,29.558,0.0,1.141,488.473,732.745,0.0
2014-11-01 15:00:00,168.6693593475,28.844,0.0,1.14,319.823,524.878,0.0
2014-11-01 16:00:00,69.64853277690001,26.059,0.0,1.141,132.888,269.2,0.0
2014-11-01 17:00:00,6.5595080826,22.497,0.0,1.144,8.994,28.955,0.0
2014-11-02 06:00:00,2.189396385,14.162,0.0,1.179,5.358,17.477,0.0
2014-11-02 07:00:00,54.00439492140001,16.442,0.0,1.18,123.16,241.236,0.0
2014-11-02 08:00:00,159.432271317,19.858,0.0,1.179,314.665,499.968,0.001
2014-11-02 09:00:00,262.85929251120007,22.688,0.0,1.17,488.263,712.293,0.018
2014-11-02 10:00:00,344.4936757515,27.329,0.0,1.153,615.668,863.68,0.038
2014-11-02 11:00:00,390.2416365078,29.129,0.0,1.146,659.707,943.71,0.049
2014-11-02 12:00:00,396.2119038966,29.871,0.0,1.142,657.478,947.026,0.034
2014-11-02 13:00:00,355.1185817883,30.062,0.0,1.139,587.154,873.375,0.021
2014-11-02 14:00:00,284.438440836,29.721,0.0,1.138,460.292,727.97,0.001
2014-11-02 15:00:00,181.2052422576,28.813,0.0,1.139,291.88,520.345,0.004
2014-11-02 16:00:00,76.9899247821,26.097,0.0,1.14,114.502,264.711,0.019
2014-11-02 17:00:00,6.3948872196,23.421,0.0,1.143,7.322,27.105,0.118
2014-11-03 06:00:00,3.0010093542000003,16.379,0.0,1.176,4.139,16.061,0.617
2014-11-03 07:00:00,48.4171095573,17.788,0.0,1.178,89.712,236.866,0.619
2014-11-03 08:00:00,127.3250587851,20.09,0.0,1.178,264.58,495.441,0.286
2014-11-03 09:00:00,163.0682627409,22.901,0.0,1.169,442.384,707.511,0.14
2014-11-03 10:00:00,248.36800131,27.288,0.0,1.152,578.231,858.68,0.082
2014-11-03 11:00:00,319.7390710536,28.673,0.0,1.147,591.802,938.68,0.073
2014-11-03 12:00:00,356.5863005958,29.416,0.0,1.143,593.433,941.997,0.049
2014-11-03 13:00:00,346.50967905180005,29.668,0.0,1.141,528.768,868.571,0.036
2014-11-03 14:00:00,195.6036534111,29.281,0.0,1.14,393.785,722.995,0.041
2014-11-03 15:00:00,163.3739430807,28.284,0.0,1.14,240.277,515.61,0.063
2014-11-03 16:00:00,54.94873314150001,25.656,0.0,1.142,90.365,260.325,0.093
2014-11-03 17:00:00,4.464226998,22.922,0.0,1.145,5.711,25.335,0.131
2014-11-04 06:00:00,0.7525057517999999,15.254,0.0,1.181,3.014,14.719,0.092
2014-11-04 07:00:00,32.1030065961,16.999,0.0,1.182,77.521,232.532,0.079
2014-11-04 08:00:00,75.02159692170001,19.212,0.0,1.179,224.333,490.816,0.063
2014-11-04 09:00:00,167.58031371840002,22.305,0.0,1.169,377.036,702.761,0.045
2014-11-04 10:00:00,209.43527992200003,25.843,0.0,1.156,497.419,853.704,0.032
2014-11-04 11:00:00,216.26628986160003,27.374,0.0,1.151,624.154,933.68,0.014
2014-11-04 12:00:00,292.0482501057,28.136,0.0,1.148,630.115,936.997,0.006
2014-11-04 13:00:00,320.4273671874,28.384,0.0,1.145,568.163,863.574,0.002
2014-11-04 14:00:00,141.2592695316,28.145,0.0,1.144,447.909,718.241,0.002
2014-11-04 15:00:00,165.96651775770002,27.416,0.0,1.144,286.756,511.095,0.009
2014-11-04 16:00:00,69.39981312660001,25.445,0.0,1.145,112.201,256.057,0.028
2014-11-04 17:00:00,6.473287596600001,22.242,0.0,1.148,6.372,23.642,0.051
2014-11-05 06:00:00,1.8129262536000004,15.094,0.0,1.18,3.685,13.447,0.0
2014-11-05 07:00:00,51.2595429786,17.326,0.0,1.181,110.411,228.225,0.0
2014-11-05 08:00:00,152.3780282475,19.951,0.0,1.177,301.111,486.3,0.0
2014-11-05 09:00:00,259.1273901348,23.476,0.0,1.166,479.038,698.011,0.0
2014-11-05 10:00:00,339.78431354670005,26.646,0.0,1.155,611.439,848.9,0.0
2014-11-05 11:00:00,369.935250399,28.146,0.0,1.149,692.631,928.68,0.0
2014-11-05 12:00:00,370.8010817379,29.131,0.0,1.145,696.618,931.997,0.0
2014-11-05 13:00:00,329.4055227078,29.645,0.0,1.141,633.649,858.625,0.0
2014-11-05 14:00:00,258.3918997902,29.466,0.0,1.139,486.023,713.491,0.0
2014-11-05 15:00:00,162.2699594208,28.643,0.0,1.139,318.556,506.479,0.002
2014-11-05 16:00:00,67.41175215060001,26.144,0.0,1.141,130.35,251.733,0.01
2014-11-05 17:00:00,5.6286639882000005,22.285,0.0,1.144,7.027,22.027,0.022
2014-11-06 06:00:00,1.8128502414000005,14.489,0.0,1.179,3.607,12.246,0.904
2014-11-06 07:00:00,44.0828433837,16.669,0.0,1.18,101.843,224.029,0.927
2014-11-06 08:00:00,129.8851380288,19.237,0.0,1.178,286.103,481.8,0.854
2014-11-06 09:00:00,224.4307516605,22.631,0.0,1.167,467.133,693.261,0.418
2014-11-06 10:00:00,291.5042805576,26.715,0.0,1.152,598.921,844.147,0.141
2014-11-06 11:00:00,340.6853800251,28.159,0.0,1.146,627.878,923.876,0.005
2014-11-06 12:00:00,357.293118006,29.008,0.0,1.142,625.202,927.193,0.0
2014-11-06 13:00:00,331.95845212200004,29.362,0.0,1.139,556.811,853.821,0.0
2014-11-06 14:00:00,248.93145067230003,29.156,0.0,1.137,428.42,708.741,0.003
2014-11-06 15:00:00,152.6283326106,28.462,0.0,1.137,264.805,502.066,0.013
2014-11-06 16:00:00,60.9563254608,26.741,0.0,1.138,97.866,247.481,0.019
2014-11-06 17:00:00,5.3274049884,25.297,0.0,1.14,5.079,20.484,0.019
2014-11-07 06:00:00,1.2341252583,18.519,0.0,1.166,2.114,11.115,0.515
2014-11-07 07:00:00,35.457230922300006,19.599,0.0,1.166,58.411,219.834,0.799
2014-11-07 08:00:00,118.2107348136,21.136,0.0,1.167,152.7,477.31,0.793
2014-11-07 09:00:00,198.6775022727,22.153,0.0,1.165,253.53,688.728,0.7
2014-11-07 10:00:00,260.36494073370005,24.261,0.004,1.157,336.183,839.171,0.667
2014-11-07 11:00:00,315.2104220826,27.524,0.0,1.145,449.385,918.927,0.607
2014-11-07 12:00:00,295.5579895125,28.483,0.0,1.141,470.953,922.243,0.664
2014-11-07 13:00:00,315.44980943850004,28.592,0.001,1.139,406.408,849.071,0.811
2014-11-07 14:00:00,193.6452267387,28.013,0.007,1.139,275.114,704.187,0.911
2014-11-07 15:00:00,94.73080091309998,26.763,0.032,1.14,139.439,497.566,0.94
2014-11-07 16:00:00,53.0853404499,24.911,0.049,1.142,49.739,243.291,0.948
2014-11-07 17:00:00,3.980011315499999,24.17,0.028,1.146,2.75,19.011,0.94
2014-11-08 06:00:00,1.1059184862,16.39,0.123,1.178,1.893,10.055,0.052
2014-11-08 07:00:00,41.2462823949,17.608,0.104,1.178,61.098,215.7,0.113
2014-11-08 08:00:00,150.0892522272,19.623,0.002,1.176,175.277,472.935,0.207
2014-11-08 09:00:00,267.4737738486,21.701,0.001,1.171,294.675,683.981,0.278
2014-11-08 10:00:00,352.415917161,25.059,0.001,1.159,377.308,834.421,0.29
2014-11-08 11:00:00,396.94416775200006,27.226,0.0,1.152,487.868,914.147,0.173
2014-11-08 12:00:00,401.9116777335,28.204,0.0,1.149,536.836,917.464,0.026
2014-11-08 13:00:00,374.988412953,28.485,0.0,1.147,495.092,844.292,0.013
2014-11-08 14:00:00,301.72423595490005,28.033,0.0,1.146,346.725,699.462,0.006
2014-11-08 15:00:00,199.8331945929,27.144,0.0,1.147,216.731,493.175,0.002
2014-11-08 16:00:00,82.7103330999,24.192,0.0,1.149,81.716,239.152,0.0
2014-11-08 17:00:00,6.7628589039,20.894,0.0,1.153,4.091,17.617,0.0
2014-11-09 06:00:00,2.1088178991,11.068,0.0,1.193,2.752,9.06,0.0
2014-11-09 07:00:00,77.4775648251,13.378,0.0,1.194,116.089,211.63,0.0
2014-11-09 08:00:00,211.6991983194,17.413,0.0,1.193,317.849,468.658,0.0
2014-11-09 09:00:00,331.4034413118,20.233,0.0,1.185,500.429,679.478,0.0
2014-11-09 10:00:00,418.9626461196,24.427,0.0,1.169,634.759,829.867,0.0
2014-11-09 11:00:00,446.5272697182,26.459,0.0,1.161,667.558,909.376,0.0
2014-11-09 12:00:00,339.87262425930004,27.266,0.0,1.158,673.454,912.689,0.0
2014-11-09 13:00:00,303.7629891186,27.621,0.0,1.155,610.509,839.542,0.0
2014-11-09 14:00:00,327.90890488950004,27.462,0.0,1.153,486.842,694.959,0.0
2014-11-09 15:00:00,225.1282530024,26.559,0.0,1.152,314.009,488.8,0.0
2014-11-09 16:00:00,102.534606603,22.926,0.0,1.154,121.982,235.081,0.0
2014-11-09 17:00:00,7.9281163467,18.86,0.0,1.157,5.044,16.292,0.0
2014-11-10 06:00:00,1.2288579831,9.501,0.0,1.2,2.335,8.129,0.0
2014-11-10 07:00:00,63.0088293186,11.742,0.0,1.201,108.621,207.573,0.0
2014-11-10 08:00:00,192.1814650305,15.45,0.0,1.198,305.069,464.294,0.0
2014-11-10 09:00:00,303.50825252550004,18.48,0.0,1.189,485.299,674.978,0.0
2014-11-10 10:00:00,385.0348537332,22.658,0.0,1.173,618.156,825.147,0.0
2014-11-10 11:00:00,431.1251543808,26.88,0.0,1.155,650.155,904.644,0.0
2014-11-10 12:00:00,431.1308488707,28.612,0.0,1.148,652.544,907.939,0.0
2014-11-10 13:00:00,393.8135646753,29.125,0.0,1.144,588.366,834.821,0.0
2014-11-10 14:00:00,315.76844702700004,28.835,0.0,1.142,447.545,690.459,0.0
2014-11-10 15:00:00,203.6713221675,27.655,0.0,1.142,283.232,484.548,0.0
2014-11-10 16:00:00,82.0274944896,23.577,0.0,1.144,106.278,231.073,0.0
2014-11-10 17:00:00,4.760660312100001,20.143,0.0,1.148,4.147,15.032,0.0
2014-11-11 06:00:00,1.154485926,11.983,0.0,1.19,1.969,7.263,0.0
2014-11-11 07:00:00,58.8139808454,13.342,0.0,1.192,103.86,203.627,0.0
2014-11-11 08:00:00,168.9752468151,16.522,0.0,1.192,297.729,460.142,0.0
2014-11-11 09:00:00,289.0767480777,18.957,0.0,1.186,476.761,670.499,0.0
2014-11-11 10:00:00,360.063788832,23.156,0.0,1.17,609.19,820.614,0.0
2014-11-11 11:00:00,412.2457989903001,27.016,0.0,1.155,645.693,899.897,0.0
2014-11-11 12:00:00,440.4804076233,27.842,0.0,1.151,648.09,903.211,0.0
2014-11-11 13:00:00,379.1106192456,27.951,0.0,1.15,583.837,830.288,0.0
2014-11-11 14:00:00,289.65007815480004,27.579,0.0,1.149,450.459,685.959,0.0
2014-11-11 15:00:00,198.2974176414,26.61,0.0,1.149,284.23,480.283,0.0
2014-11-11 16:00:00,82.3515547536,23.389,0.0,1.15,105.332,227.073,0.0
2014-11-11 17:00:00,4.4041617873000005,20.588,0.0,1.153,3.812,13.846,0.0
2014-11-12 06:00:00,1.1366221878,12.237,0.0,1.195,1.808,6.458,0.0
2014-11-12 07:00:00,55.7538392268,13.544,0.0,1.197,105.804,199.744,0.0
2014-11-12 08:00:00,166.88647261440002,16.106,0.0,1.197,302.465,455.904,0.0
2014-11-12 09:00:00,272.3439613158,18.637,0.0,1.19,482.76,666.198,0.0
2014-11-12 10:00:00,356.78051100450006,23.1,0.0,1.173,615.394,815.918,0.0
2014-11-12 11:00:00,418.6009723401,26.734,0.0,1.159,671.226,895.343,0.0
2014-11-12 12:00:00,411.64812322920005,27.672,0.0,1.155,675.282,898.66,0.0
2014-11-12 13:00:00,358.3531090062,27.946,0.0,1.152,611.765,825.788,0.0
2014-11-12 14:00:00,279.3422534166,27.564,0.0,1.151,458.504,681.655,0.0
2014-11-12 15:00:00,181.4697003537,26.518,0.0,1.151,292.967,476.157,0.0
2014-11-12 16:00:00,67.4619092037,22.556,0.0,1.153,110.64,223.184,0.0
2014-11-12 17:00:00,3.8271514347,18.844,0.0,1.156,3.767,12.72,0.0
2014-11-13 06:00:00,0.7516979316,9.394,0.0,1.198,1.727,5.711,0.943
2014-11-13 07:00:00,48.883778727300005,11.201,0.0,1.2,106.76,195.875,0.942
2014-11-13 08:00:00,160.2950766516,15.462,0.0,1.199,304.468,451.79,0.942
2014-11-13 09:00:00,253.76663452140005,18.256,0.0,1.192,489.249,661.749,0.859
2014-11-13 10:00:00,352.23282860040007,22.576,0.0,1.176,623.165,811.418,0.798
2014-11-13 11:00:00,401.5285882245,25.773,0.0,1.163,668.854,890.647,0.897
2014-11-13 12:00:00,405.85123161,26.747,0.0,1.159,668.513,893.961,0.892
2014-11-13 13:00:00,364.5498728223001,27.132,0.0,1.156,600.464,821.288,0.892
2014-11-13 14:00:00,290.5759650123,26.93,0.0,1.154,471.103,677.405,0.912
2014-11-13 15:00:00,180.7547534496,25.894,0.0,1.154,295.469,472.032,0.909
2014-11-13 16:00:00,67.8161734272,21.998,0.0,1.156,108.056,219.363,0.931
2014-11-13 17:00:00,3.3045677775000004,18.783,0.0,1.159,3.591,11.666,0.94
2014-11-14 06:00:00,0.8789873300999999,9.107,0.0,1.201,1.43,5.023,0.858
2014-11-14 07:00:00,50.67113841900001,11.024,0.0,1.203,97.01,192.116,0.806
2014-11-14 08:00:00,170.19549799560002,15.098,0.0,1.202,286.191,447.763,0.802
2014-11-14 09:00:00,290.4386288265,17.728,0.0,1.195,468.001,657.469,0.756
2014-11-14 10:00:00,367.44973062930006,21.777,0.0,1.179,600.735,807.114,0.814
2014-11-14 11:00:00,401.9810326587,25.735,0.0,1.163,648.281,886.144,0.769
2014-11-14 12:00:00,411.2662010193,26.896,0.0,1.158,661.495,889.461,0.228
2014-11-14 13:00:00,368.3329634259,27.333,0.0,1.155,606.166,816.788,0.005
2014-11-14 14:00:00,293.9752117566,27.099,0.0,1.152,458.62,673.122,0.0
2014-11-14 15:00:00,189.87700142070003,26.014,0.0,1.152,287.651,468.005,0.0
2014-11-14 16:00:00,71.8889308434,21.863,0.0,1.153,103.725,215.551,0.0
2014-11-14 17:00:00,3.7119595194,18.254,0.0,1.156,2.887,10.67,0.0
2014-11-15 06:00:00,0.6933632508,11.004,0.0,1.197,1.194,4.389,0.0
2014-11-15 07:00:00,54.2154170943,12.135,0.0,1.199,101.597,188.415,0.0
2014-11-15 08:00:00,175.51346113620002,15.273,0.0,1.198,297.5,443.773,0.0
2014-11-15 09:00:00,281.31110486820006,17.98,0.0,1.19,476.646,653.445,0.0
2014-11-15 10:00:00,354.22690347,22.427,0.0,1.173,608.463,802.638,0.0
2014-11-15 11:00:00,398.7658771173,25.996,0.0,1.159,658.228,881.865,0.387
2014-11-15 12:00:00,391.5776757222,27.092,0.0,1.154,627.733,885.156,0.926
2014-11-15 13:00:00,371.4267063573,27.309,0.0,1.152,525.554,812.506,0.764
2014-11-15 14:00:00,303.0353208432,27.202,0.0,1.15,445.543,668.872,0.097
2014-11-15 15:00:00,180.4712527728,26.203,0.0,1.149,290.758,464.015,0.17
2014-11-15 16:00:00,71.6161114053,22.397,0.0,1.15,102.859,211.855,0.577
2014-11-15 17:00:00,4.0414272129,19.964,0.0,1.153,2.82,9.738,0.178
2014-11-16 06:00:00,0.5909008743,13.161,0.0,1.191,0.996,3.81,0.0
2014-11-16 07:00:00,56.60002413450001,13.288,0.0,1.193,96.775,184.788,0.0
2014-11-16 08:00:00,173.54961211500003,16.192,0.0,1.194,289.664,439.898,0.0
2014-11-16 09:00:00,275.9716968129,18.522,0.0,1.189,466.932,649.219,0.0
2014-11-16 10:00:00,358.8450776064,22.533,0.0,1.173,597.662,798.388,0.0
2014-11-16 11:00:00,350.33347179270004,26.295,0.0,1.158,646.938,877.365,0.0
2014-11-16 12:00:00,295.70540472,27.198,0.0,1.154,648.296,880.681,0.0
2014-11-16 13:00:00,269.6951173554,27.405,0.0,1.152,582.54,808.256,0.0
2014-11-16 14:00:00,225.328350654,27.012,0.0,1.151,436.249,664.676,0.0
2014-11-16 15:00:00,164.9977113411,25.852,0.0,1.151,269.873,460.115,0.0
2014-11-16 16:00:00,64.6029162306,21.867,0.0,1.152,93.928,208.222,0.0
2014-11-16 17:00:00,2.5139274237,18.98,0.0,1.155,2.2,8.864,0.0
2014-11-17 06:00:00,0.3818121119999999,12.69,0.0,1.195,0.768,3.284,0.0
2014-11-17 07:00:00,47.30532539039999,13.405,0.0,1.197,87.81,181.217,0.0
2014-11-17 08:00:00,157.0603550472,15.586,0.0,1.198,273.915,436.121,0.0
2014-11-17 09:00:00,267.2158798089,17.907,0.0,1.192,448.843,645.216,0.0
2014-11-17 10:00:00,339.30486615960007,21.96,0.0,1.177,578.79,794.334,0.0
2014-11-17 11:00:00,380.5581073734,25.826,0.0,1.161,619.098,873.115,0.0
2014-11-17 12:00:00,381.5295891363001,26.889,0.0,1.156,623.752,876.431,0.0
2014-11-17 13:00:00,327.08076993900005,27.289,0.0,1.153,562.116,804.006,0.0
2014-11-17 14:00:00,272.3669609958,26.984,0.0,1.152,423.558,660.622,0.002
2014-11-17 15:00:00,156.6069263748,25.708,0.0,1.152,262.166,456.251,0.255
2014-11-17 16:00:00,57.7627340796,21.971,0.0,1.154,88.768,204.658,0.815
2014-11-17 17:00:00,2.5651331838,19.544,0.0,1.157,2.093,8.048,0.937
2014-11-18 06:00:00,0.2668642415999999,11.449,0.0,1.2,0.66,2.804,0.683
2014-11-18 07:00:00,39.9878759214,12.211,0.0,1.202,79.126,177.717,0.492
2014-11-18 08:00:00,148.1379264882,14.988,0.0,1.201,268.959,432.371,0.173
2014-11-18 09:00:00,259.27656843330004,17.578,0.0,1.195,449.073,641.216,0.036
2014-11-18 10:00:00,338.9659999605,21.949,0.0,1.178,580.289,790.106,0.001
2014-11-18 11:00:00,370.204884621,25.372,0.0,1.164,610.513,868.865,0.0
2014-11-18 12:00:00,373.5254671236,26.387,0.0,1.16,612.283,872.181,0.0
2014-11-18 13:00:00,340.29874266300004,26.77,0.0,1.157,549.162,799.981,0.0
2014-11-18 14:00:00,274.60672907580005,26.553,0.0,1.155,420.071,656.622,0.0
2014-11-18 15:00:00,163.2927395088,25.497,0.0,1.155,260.156,452.499,0.0
2014-11-18 16:00:00,63.269685765,22.078,0.0,1.156,89.313,201.151,0.0
2014-11-18 17:00:00,2.9774426319,19.59,0.0,1.159,1.745,7.285,0.0
2014-11-19 06:00:00,0.33646833,12.936,0.0,1.197,0.523,2.376,0.0
2014-11-19 07:00:00,37.9659854871,13.27,0.0,1.2,81.427,174.285,0.0
2014-11-19 08:00:00,139.1457586959,15.239,0.0,1.201,261.227,428.632,0.0
2014-11-19 09:00:00,249.3952380216,17.318,0.0,1.196,431.689,637.415,0.0
2014-11-19 10:00:00,335.87038100880005,21.178,0.0,1.182,558.287,786.106,0.0
2014-11-19 11:00:00,378.498602988,24.869,0.0,1.166,584.89,864.832,0.0
2014-11-19 12:00:00,371.7778609413001,25.903,0.0,1.161,587.566,868.148,0.0
2014-11-19 13:00:00,352.6797373209001,26.237,0.0,1.158,526.085,795.756,0.0
2014-11-19 14:00:00,277.603713486,25.505,0.0,1.157,306.093,652.872,0.0
2014-11-19 15:00:00,175.2143353785,23.666,0.0,1.157,178.354,448.847,0.0
2014-11-19 16:00:00,60.1039756152,20.741,0.0,1.158,56.454,197.762,0.0
2014-11-19 17:00:00,2.3912121519000005,18.714,0.0,1.161,1.096,6.579,0.099
2014-11-20 06:00:00,0.9087702822,10.178,0.0,1.196,0.411,1.991,0.618
2014-11-20 07:00:00,40.867439877,11.28,0.0,1.199,70.971,170.959,0.859
2014-11-20 08:00:00,126.9673755372,14.807,0.0,1.199,238.402,425.007,0.893
2014-11-20 09:00:00,221.47015400730004,17.086,0.0,1.194,406.615,633.466,0.755
2014-11-20 10:00:00,301.4370254907,20.462,0.0,1.182,536.943,782.106,0.347
2014-11-20 11:00:00,354.16449222660003,24.4,0.0,1.165,558.909,860.832,0.368
2014-11-20 12:00:00,362.9207969937001,25.477,0.0,1.16,551.74,864.127,0.419
2014-11-20 13:00:00,335.2114886373,25.765,0.0,1.157,485.87,791.952,0.426
2014-11-20 14:00:00,263.89609652340005,25.624,0.0,1.155,387.753,649.089,0.399
2014-11-20 15:00:00,147.1046465889,24.277,0.0,1.155,232.176,445.222,0.351
2014-11-20 16:00:00,56.326048614,20.601,0.0,1.156,75.977,194.441,0.155
2014-11-20 17:00:00,1.2000023145,18.184,0.0,1.159,1.257,5.921,0.048
2014-11-21 06:00:00,0.1442754027,13.087,0.0,1.195,0.327,1.652,0.0
2014-11-21 07:00:00,32.6675556306,13.499,0.0,1.196,71.031,167.702,0.0
2014-11-21 08:00:00,129.4766347446,15.108,0.0,1.197,241.805,421.492,0.0
2014-11-21 09:00:00,229.4299294353,16.991,0.0,1.194,409.165,629.686,0.0
2014-11-21 10:00:00,312.9024022344,20.173,0.0,1.182,534.023,778.331,0.0
2014-11-21 11:00:00,361.94873043780007,24.281,0.0,1.165,566.598,856.832,0.001
2014-11-21 12:00:00,358.4369804103,25.553,0.0,1.159,563.588,860.148,0.026
2014-11-21 13:00:00,324.80647620300005,25.917,0.0,1.156,498.286,788.006,0.13
2014-11-21 14:00:00,254.1800753316,25.407,0.0,1.154,329.654,645.339,0.418
2014-11-21 15:00:00,160.1006889537,23.47,0.0,1.154,187.994,441.722,0.611
2014-11-21 16:00:00,60.5242556721,20.208,0.0,1.156,57.866,191.185,0.296
2014-11-21 17:00:00,2.4784779690000005,17.773,0.0,1.159,1.002,5.314,0.385
2014-11-22 06:00:00,0.1121419529999999,10.12,0.0,1.196,0.238,1.349,0.0
2014-11-22 07:00:00,27.946184587200005,10.831,0.0,1.198,61.223,164.511,0.0
2014-11-22 08:00:00,111.9069900333,14.094,0.0,1.198,220.379,418.115,0.0
2014-11-22 09:00:00,213.209330301,16.404,0.0,1.194,384.846,626.186,0.0
2014-11-22 10:00:00,293.0257962918,19.758,0.0,1.182,511.644,774.552,0.0
2014-11-22 11:00:00,331.1737140393,23.849,0.0,1.164,506.368,853.082,0.0
2014-11-22 12:00:00,332.41112568180006,25.12,0.0,1.158,509.46,856.374,0.0
2014-11-22 13:00:00,303.5077898094,25.506,0.0,1.155,453.136,784.223,0.0
2014-11-22 14:00:00,229.0901343192,25.301,0.0,1.153,347.132,641.622,0.0
2014-11-22 15:00:00,145.2955664655,23.677,0.0,1.153,203.945,438.233,0.0
2014-11-22 16:00:00,50.7326368626,20.221,0.0,1.155,63.451,187.99,0.0
2014-11-22 17:00:00,2.2540898457,17.889,0.0,1.159,0.894,4.752,0.0
2014-11-23 06:00:00,0.0222075414,10.92,0.0,1.197,0.222,1.088,0.0
2014-11-23 07:00:00,29.8681538265,10.951,0.0,1.199,73.835,161.392,0.0
2014-11-23 08:00:00,122.5302448194,14.493,0.0,1.2,253.062,414.74,0.0
2014-11-23 09:00:00,222.3244531629,16.968,0.0,1.196,426.443,622.662,0.0
2014-11-23 10:00:00,297.8584791435,20.71,0.0,1.182,556.677,770.823,0.0
2014-11-23 11:00:00,339.0714257238,24.797,0.0,1.165,604.593,849.307,0.0
2014-11-23 12:00:00,346.4408587167,25.751,0.0,1.161,612.617,852.624,0.0
2014-11-23 13:00:00,329.42097126179993,25.993,0.0,1.158,554.292,780.502,0.0
2014-11-23 14:00:00,259.6487810103,25.616,0.0,1.157,414.612,638.089,0.0
2014-11-23 15:00:00,165.50520929910002,24.303,0.0,1.157,252.655,434.956,0.0
2014-11-23 16:00:00,65.21286382379999,20.235,0.0,1.159,82.068,184.919,0.0
2014-11-23 17:00:00,1.9173874896000005,17.463,0.0,1.162,0.962,4.236,0.0
2014-11-24 06:00:00,0.112835646,8.183,0.0,1.202,0.183,0.861,0.043
2014-11-24 07:00:00,33.2969704056,9.497,0.0,1.205,75.814,158.392,0.065
2014-11-24 08:00:00,131.1030115956,13.515,0.0,1.205,254.833,411.475,0.105
2014-11-24 09:00:00,233.1723330387,16.074,0.0,1.199,424.095,619.186,0.102
2014-11-24 10:00:00,315.30909201660006,20.023,0.0,1.184,549.477,767.106,0.075
2014-11-24 11:00:00,364.143820986,24.298,0.0,1.167,592.729,845.582,0.072
2014-11-24 12:00:00,368.1327795255,25.532,0.0,1.161,594.121,848.895,0.076
2014-11-24 13:00:00,333.4134209175,25.972,0.0,1.158,530.534,776.973,0.12
2014-11-24 14:00:00,263.91132466380003,25.701,0.0,1.156,402.557,634.619,0.363
2014-11-24 15:00:00,180.59419466550003,24.056,0.0,1.157,219.376,431.706,0.543
2014-11-24 16:00:00,66.81926699910001,20.356,0.0,1.159,70.028,181.919,0.319
2014-11-24 17:00:00,3.394073232,17.89,0.0,1.163,0.821,3.765,0.046
2014-11-25 06:00:00,0.0558303075,10.082,0.0,1.2,0.128,0.668,0.0
2014-11-25 07:00:00,32.836305763800006,10.9,0.0,1.202,70.528,155.447,0.0
2014-11-25 08:00:00,131.324533362,14.151,0.0,1.203,247.758,408.349,0.0
2014-11-25 09:00:00,238.75397923410003,16.387,0.0,1.198,419.003,615.686,0.0
2014-11-25 10:00:00,324.113008626,19.981,0.0,1.185,546.314,763.802,0.0
2014-11-25 11:00:00,373.6230733224,23.908,0.0,1.169,579.906,842.049,0.0
2014-11-25 12:00:00,376.4929358223,25.027,0.0,1.163,579.922,845.344,0.0
2014-11-25 13:00:00,345.1811256234,25.391,0.0,1.16,516.657,773.473,0.0
2014-11-25 14:00:00,271.5348949731,25.086,0.0,1.158,374.633,631.339,0.0
2014-11-25 15:00:00,166.9880248047,23.721,0.0,1.158,221.796,428.579,0.0
2014-11-25 16:00:00,57.0160206099,20.332,0.0,1.159,68.191,178.981,0.0
2014-11-25 17:00:00,2.0407846932,18.326,0.0,1.162,0.662,3.333,0.0
2014-11-26 06:00:00,0.0223689312,9.241,0.0,1.196,0.1,0.511,0.002
2014-11-26 07:00:00,28.351172143800003,10.628,0.0,1.198,69.468,152.626,0.0
2014-11-26 08:00:00,119.8841973021,14.583,0.0,1.197,245.718,405.225,0.0
2014-11-26 09:00:00,218.89805057010005,17.375,0.0,1.189,416.553,612.436,0.0
2014-11-26 10:00:00,295.8226458066,21.099,0.0,1.175,544.556,760.323,0.0
2014-11-26 11:00:00,340.6177952694,24.793,0.0,1.159,541.067,838.549,0.0
2014-11-26 12:00:00,351.4286616687,26.011,0.0,1.153,547.628,841.865,0.0
2014-11-26 13:00:00,313.4126356515,26.551,0.0,1.149,490.014,769.973,0.0
2014-11-26 14:00:00,250.1645413806,25.845,0.0,1.147,293.055,628.089,0.0
2014-11-26 15:00:00,151.731719271,23.659,0.0,1.148,163.246,425.456,0.011
2014-11-26 16:00:00,52.2471724335,21.08,0.0,1.149,47.282,176.16,0.028
2014-11-26 17:00:00,1.837097262,19.334,0.0,1.153,0.434,2.94,0.013
2014-11-27 06:00:00,0.0111575672999999,12.919,0.0,1.188,0.045,0.378,0.111
2014-11-27 07:00:00,26.6799572424,12.082,0.0,1.191,34.892,149.876,0.066
2014-11-27 08:00:00,115.9262545716,14.192,0.0,1.192,140.531,402.334,0.02
2014-11-27 09:00:00,217.482682824,16.506,0.0,1.19,272.491,609.404,0.003
2014-11-27 10:00:00,294.4888500411,18.933,0.0,1.182,387.066,757.073,0.015
2014-11-27 11:00:00,326.4741264807,22.105,0.0,1.169,457.422,835.082,0.043
2014-11-27 12:00:00,317.619744849,24.769,0.0,1.157,462.88,838.591,0.073
2014-11-27 13:00:00,285.4409097672,25.759,0.0,1.152,412.335,766.723,0.056
2014-11-27 14:00:00,235.00122370560004,25.965,0.0,1.149,346.18,624.839,0.033
2014-11-27 15:00:00,135.3583878867,25.008,0.0,1.149,203.117,422.456,0.005
2014-11-27 16:00:00,42.72084524070001,22.806,0.0,1.15,60.977,173.41,0.0
2014-11-27 17:00:00,1.951953003,20.85,0.0,1.153,0.503,2.584,0.0
2014-11-28 07:00:00,20.5428887037,13.782,0.0,1.19,52.931,147.244,0.0
2014-11-28 08:00:00,92.7125530749,16.046,0.0,1.191,202.529,399.459,0.0
2014-11-28 09:00:00,186.0527890881,17.956,0.0,1.188,358.726,606.404,0.0
2014-11-28 10:00:00,269.7226721046,20.887,0.0,1.177,479.352,753.823,0.0
2014-11-28 11:00:00,312.0849706293,25.292,0.0,1.158,498.596,831.832,0.0
2014-11-28 12:00:00,314.6391226638,26.692,0.0,1.152,500.871,835.341,0.0
2014-11-28 13:00:00,276.81236952930004,26.873,0.0,1.15,443.455,763.669,0.001
2014-11-28 14:00:00,208.8572645313,26.449,0.0,1.149,323.415,621.839,0.004
2014-11-28 15:00:00,126.038881287,25.106,0.0,1.149,185.533,419.677,0.004
2014-11-28 16:00:00,45.07941636,22.475,0.0,1.151,54.278,170.772,0.006
2014-11-28 17:00:00,2.0535602967000006,20.289,0.0,1.155,0.397,2.262,0.006
2014-11-29 07:00:00,24.6526943355,14.382,0.0,1.188,54.455,144.682,0.0
2014-11-29 08:00:00,118.1188528344,16.67,0.0,1.189,209.534,396.595,0.0
2014-11-29 09:00:00,220.20272821800003,18.814,0.0,1.185,370.469,603.404,0.0
2014-11-29 10:00:00,297.9462123594,22.113,0.0,1.173,494.673,750.823,0.0
2014-11-29 11:00:00,342.60793383960004,26.549,0.0,1.154,519.807,828.799,0.0
2014-11-29 12:00:00,350.55072467910003,27.622,0.0,1.149,525.279,832.115,0.0
2014-11-29 13:00:00,320.2022738277,27.831,0.0,1.147,469.428,760.473,0.0
2014-11-29 14:00:00,253.549494891,27.484,0.0,1.146,364.677,618.839,0.0
2014-11-29 15:00:00,159.00021622980003,26.017,0.0,1.146,214.644,416.829,0.0
2014-11-29 16:00:00,56.3862607308,22.311,0.0,1.148,63.933,168.214,0.0
2014-11-29 17:00:00,1.9475955873,19.784,0.0,1.151,0.382,1.974,0.0
2014-11-30 07:00:00,26.312957708400003,11.977,0.0,1.193,63.11,142.194,0.0
2014-11-30 08:00:00,114.3262207395,16.153,0.0,1.193,235.522,393.959,0.0
2014-11-30 09:00:00,214.8367968054,18.799,0.0,1.187,404.958,600.407,0.0
2014-11-30 10:00:00,288.63424033290005,22.471,0.0,1.174,532.403,747.823,0.0
2014-11-30 11:00:00,340.3310733306,26.193,0.0,1.159,601.542,825.799,0.0
2014-11-30 12:00:00,353.0621513232,27.097,0.0,1.155,605.036,829.115,0.0
2014-11-30 13:00:00,310.22916979230007,27.331,0.0,1.152,543.213,757.473,0.0
2014-11-30 14:00:00,231.7606295598,26.863,0.0,1.151,403.417,616.086,0.0
2014-11-30 15:00:00,148.2317857647,25.437,0.0,1.152,242.692,414.188,0.0
2014-11-30 16:00:00,48.2574644442,21.42,0.0,1.154,73.882,165.764,0.0
2014-11-30 17:00:00,1.6850095911000005,18.525,0.0,1.158,0.361,1.714,0.0
2014-12-01 07:00:00,22.925796795,11.27,0.0,1.199,66.206,139.825,0.0
2014-12-01 08:00:00,104.9522237379,15.379,0.0,1.198,243.362,391.345,0.0
2014-12-01 09:00:00,207.4310162595,18.031,0.0,1.192,414.537,597.874,0.0
2014-12-01 10:00:00,294.3377072955,21.855,0.0,1.177,543.107,745.019,0.0
2014-12-01 11:00:00,335.5066589292,25.443,0.0,1.162,584.619,822.799,0.0
2014-12-01 12:00:00,339.34382066970005,26.528,0.0,1.157,590.518,826.115,0.0
2014-12-01 13:00:00,312.3692585442,26.95,0.0,1.153,531.104,754.72,0.0
2014-12-01 14:00:00,244.7126589006,26.734,0.0,1.151,397.904,613.336,0.016
2014-12-01 15:00:00,147.9603334572,25.379,0.0,1.151,239.432,411.677,0.051
2014-12-01 16:00:00,50.7608885718,20.964,0.0,1.153,72.322,163.388,0.094
2014-12-01 17:00:00,1.6881028956000002,17.783,0.0,1.156,0.313,1.483,0.146
2014-12-02 07:00:00,21.9588559443,10.788,0.0,1.201,67.447,137.574,0.187
2014-12-02 08:00:00,109.18541807910002,14.503,0.0,1.2,252.602,388.943,0.002
2014-12-02 09:00:00,204.41275191810004,17.368,0.0,1.192,426.878,595.154,0.0
2014-12-02 10:00:00,278.5443899436,21.471,0.0,1.177,555.707,742.269,0.0
2014-12-02 11:00:00,336.6456256251,25.635,0.0,1.16,618.032,820.049,0.0
2014-12-02 12:00:00,348.2487890739,26.966,0.0,1.154,620.465,823.365,0.0
2014-12-02 13:00:00,317.7284144166,27.463,0.0,1.15,556.909,751.97,0.0
2014-12-02 14:00:00,248.3618414904,27.376,0.0,1.148,433.454,610.785,0.0
2014-12-02 15:00:00,152.5273325433,26.112,0.0,1.148,264.619,409.188,0.0
2014-12-02 16:00:00,54.56059785990001,21.639,0.0,1.149,82.045,161.138,0.002
2014-12-02 17:00:00,1.8389182878,18.368,0.0,1.153,0.283,1.279,0.116
2014-12-03 07:00:00,20.5249020174,12.515,0.0,1.194,62.379,135.449,0.0
2014-12-03 08:00:00,100.8891844488,15.816,0.0,1.194,236.889,386.568,0.0
2014-12-03 09:00:00,190.4841901413,18.345,0.0,1.188,407.83,592.654,0.0
2014-12-03 10:00:00,286.1529149556,22.008,0.0,1.175,536.99,739.573,0.0
2014-12-03 11:00:00,331.67593503000006,26.054,0.0,1.158,574.769,817.299,0.0
2014-12-03 12:00:00,340.7968075941,27.237,0.0,1.152,581.271,820.811,0.0
2014-12-03 13:00:00,306.84537421560003,27.623,0.0,1.149,522.602,749.44,0.0
2014-12-03 14:00:00,250.4514933162,27.398,0.0,1.147,404.474,608.285,0.0
2014-12-03 15:00:00,150.73422728760002,25.815,0.0,1.147,241.732,406.813,0.0
2014-12-03 16:00:00,53.556926346,21.345,0.0,1.149,71.74,159.005,0.0
2014-12-03 17:00:00,1.9211989896,18.369,0.0,1.153,0.238,1.099,0.0
2014-12-04 07:00:00,14.901734212200004,12.614,0.0,1.197,58.846,133.396,0.0
2014-12-04 08:00:00,94.4967132846,15.21,0.0,1.198,227.592,384.318,0.0
2014-12-04 09:00:00,170.735247342,17.433,0.0,1.193,393.757,590.175,0.0
2014-12-04 10:00:00,242.5585970808,20.972,0.0,1.18,518.005,737.073,0.0
2014-12-04 11:00:00,294.372424071,25.296,0.0,1.162,573.724,814.799,0.0
2014-12-04 12:00:00,275.6388476655,26.486,0.0,1.156,576.631,818.115,0.0
2014-12-04 13:00:00,281.6509539987,26.872,0.0,1.153,515.821,746.94,0.0
2014-12-04 14:00:00,233.12091655710003,26.656,0.0,1.152,397.254,605.806,0.0
2014-12-04 15:00:00,139.5759640077,25.459,0.0,1.151,236.567,404.661,0.0
2014-12-04 16:00:00,46.7754655797,22.884,0.0,1.153,68.973,156.942,0.0
2014-12-04 17:00:00,1.7796601350000003,21.452,0.0,1.156,0.192,0.94,0.0
2014-12-05 07:00:00,18.0546281388,12.575,0.0,1.2,55.733,131.465,0.0
2014-12-05 08:00:00,94.6994860647,14.92,0.0,1.201,221.979,382.193,0.0
2014-12-05 09:00:00,199.71092439540004,17.153,0.0,1.197,388.982,587.904,0.0
2014-12-05 10:00:00,276.46386644250003,21.006,0.0,1.182,515.464,734.79,0.0
2014-12-05 11:00:00,322.37578104930003,24.87,0.0,1.167,555.288,812.516,0.0
2014-12-05 12:00:00,333.99309028140004,26.019,0.0,1.161,562.101,815.811,0.0
2014-12-05 13:00:00,310.7268023904,26.383,0.0,1.158,504.318,744.666,0.0
2014-12-05 14:00:00,253.8886208166,25.936,0.0,1.157,353.03,603.556,0.0
2014-12-05 15:00:00,160.0987128543,24.273,0.0,1.158,205.868,402.536,0.0
2014-12-05 16:00:00,58.221099189,20.638,0.0,1.16,58.397,154.996,0.0
2014-12-05 17:00:00,2.2199574276000003,18.616,0.0,1.163,0.148,0.802,0.0
2014-12-06 07:00:00,24.709029285600007,10.356,0.0,1.201,61.304,129.609,0.021
2014-12-06 08:00:00,124.9612478334,14.743,0.0,1.201,237.135,380.176,0.0
2014-12-06 09:00:00,227.65371849000005,17.545,0.0,1.195,408.322,585.874,0.0
2014-12-06 10:00:00,309.28487937930004,21.217,0.0,1.181,536.854,732.54,0.0
2014-12-06 11:00:00,355.13763798150006,25.119,0.0,1.165,578.141,810.266,0.0
2014-12-06 12:00:00,365.2581109419,26.397,0.0,1.159,584.514,813.561,0.0
2014-12-06 13:00:00,332.9506962144,26.936,0.0,1.155,526.448,742.416,0.0
2014-12-06 14:00:00,265.48494305850005,26.731,0.0,1.153,406.569,601.532,0.0
2014-12-06 15:00:00,164.9218838355,24.988,0.0,1.154,245.457,400.536,0.045
2014-12-06 16:00:00,57.3350884623,20.22,0.0,1.156,72.945,153.129,0.383
2014-12-06 17:00:00,1.8879608583,16.906,0.0,1.16,0.156,0.685,0.468
2014-12-07 07:00:00,21.3206933412,9.902,0.0,1.203,57.371,127.921,0.756
2014-12-07 08:00:00,120.5197147242,13.808,0.0,1.203,233.745,378.203,0.616
2014-12-07 09:00:00,226.5464994111,16.374,0.0,1.198,404.877,583.871,0.68
2014-12-07 10:00:00,297.87043723470003,20.108,0.0,1.184,530.027,730.323,0.768
2014-12-07 11:00:00,339.39849271680004,24.106,0.0,1.168,593.794,808.016,0.766
2014-12-07 12:00:00,340.73515897740003,25.372,0.0,1.162,599.617,811.362,0.724
2014-12-07 13:00:00,318.9521321019,25.836,0.0,1.158,538.221,740.19,0.668
2014-12-07 14:00:00,255.4982428581,25.57,0.0,1.157,404.299,599.532,0.382
2014-12-07 15:00:00,158.2722422721,24.16,0.0,1.157,244.955,398.644,0.181
2014-12-07 16:00:00,58.4990750421,19.865,0.0,1.158,71.653,151.42,0.099
2014-12-07 17:00:00,2.3082642198,17.304,0.0,1.162,0.118,0.583,0.072
2014-12-08 07:00:00,19.072447614,11.788,0.0,1.199,52.105,126.31,0.0
2014-12-08 08:00:00,107.9833332699,14.052,0.0,1.2,211.56,376.438,0.0
2014-12-08 09:00:00,214.1422451289,16.392,0.0,1.196,371.684,581.874,0.0
2014-12-08 10:00:00,301.01763187980004,19.649,0.0,1.185,492.702,728.519,0.0
2014-12-08 11:00:00,349.9127453547,23.886,0.0,1.167,540.157,806.016,0.0
2014-12-08 12:00:00,362.7443287908,25.38,0.0,1.16,543.903,809.332,0.0
2014-12-08 13:00:00,345.26310641460003,25.813,0.0,1.157,482.459,738.19,0.0
2014-12-08 14:00:00,275.65047698760003,25.58,0.0,1.156,359.086,597.556,0.0
2014-12-08 15:00:00,172.07653401180002,24.119,0.0,1.155,202.825,396.796,0.0
2014-12-08 16:00:00,63.2616923961,21.787,0.0,1.156,53.702,149.795,0.0
2014-12-08 17:00:00,2.4627236238,20.148,0.0,1.159,0.085,0.494,0.0
2014-12-09 07:00:00,17.877737295,9.529,0.0,1.202,63.53,124.816,0.0
2014-12-09 08:00:00,98.9636790087,13.682,0.0,1.202,248.902,374.801,0.0
2014-12-09 09:00:00,199.8008405118,16.684,0.0,1.198,425.694,580.124,0.0
2014-12-09 10:00:00,277.4603855133,19.899,0.0,1.187,556.398,726.54,0.0
2014-12-09 11:00:00,324.2546099892,23.648,0.0,1.173,609.377,804.049,0.0
2014-12-09 12:00:00,337.36423505400006,24.794,0.0,1.168,615.35,807.558,0.0
2014-12-09 13:00:00,311.498909271,24.964,0.0,1.165,554.179,736.437,0.0
2014-12-09 14:00:00,230.9812109154,24.498,0.0,1.164,410.896,595.803,0.0
2014-12-09 15:00:00,132.57001710810002,22.709,0.0,1.165,245.744,395.171,0.0
2014-12-09 16:00:00,45.6364541259,18.331,0.0,1.166,70.902,148.246,0.0
2014-12-09 17:00:00,2.0393350164000004,15.861,0.0,1.17,0.09,0.419,0.0
2014-12-10 07:00:00,22.580294121,6.865,0.0,1.217,57.603,123.42,0.0
2014-12-10 08:00:00,121.1510209833,10.916,0.0,1.218,232.383,373.188,0.0
2014-12-10 09:00:00,233.7197837931,13.61,0.0,1.213,402.794,578.425,0.0
2014-12-10 10:00:00,317.4694754814,17.222,0.0,1.199,529.484,724.79,0.0
2014-12-10 11:00:00,366.5847456612,21.269,0.0,1.182,567.617,802.299,0.0
2014-12-10 12:00:00,381.6335145843,23.185,0.0,1.174,571.477,805.808,0.0
2014-12-10 13:00:00,340.97381822790004,23.773,0.0,1.17,511.589,734.69,0.0
2014-12-10 14:00:00,276.05592029070004,23.633,0.0,1.167,385.742,594.252,0.0
2014-12-10 15:00:00,176.19085158840002,21.812,0.0,1.167,226.551,393.644,0.0
2014-12-10 16:00:00,67.8429134955,17.559,0.0,1.168,63.028,146.857,0.0
2014-12-10 17:00:00,2.5236566586,15.024,0.0,1.171,0.07,0.36,0.0
2014-12-11 07:00:00,15.9416585361,5.864,0.0,1.219,59.475,122.144,0.251
2014-12-11 08:00:00,100.4006790864,10.6,0.0,1.218,236.064,371.812,0.156
2014-12-11 09:00:00,199.34761101750004,13.571,0.0,1.213,415.636,576.874,0.031
2014-12-11 10:00:00,235.47185443980004,17.023,0.0,1.2,547.409,723.29,0.068
2014-12-11 11:00:00,259.4391579846,21.632,0.0,1.181,600.491,800.766,0.433
2014-12-11 12:00:00,385.0564018851,23.091,0.0,1.174,592.295,804.082,0.809
2014-12-11 13:00:00,343.3944234699,23.257,0.0,1.172,482.683,733.187,0.93
2014-12-11 14:00:00,255.7888325982,22.599,0.0,1.171,318.259,592.752,0.931
2014-12-11 15:00:00,110.086264035,20.077,0.0,1.171,156.983,392.269,0.931
2014-12-11 16:00:00,82.2290475897,16.542,0.0,1.173,39.459,145.545,0.929
2014-12-11 17:00:00,2.284812387,14.47,0.0,1.176,0.039,0.309,0.935
2014-12-12 07:00:00,22.2198298938,9.352,0.0,1.211,56.432,120.992,0.327
2014-12-12 08:00:00,118.15662022559998,11.949,0.0,1.212,230.582,370.437,0.432
2014-12-12 09:00:00,234.76615173,14.463,0.0,1.209,400.454,575.621,0.486
2014-12-12 10:00:00,306.9309227886,17.631,0.0,1.197,524.446,721.79,0.693
2014-12-12 11:00:00,334.8729464157,21.403,0.0,1.182,547.118,799.266,0.846
2014-12-12 12:00:00,342.31516501050004,22.373,0.0,1.177,540.884,802.612,0.892
2014-12-12 13:00:00,341.74986075450005,22.53,0.0,1.175,462.586,731.687,0.938
2014-12-12 14:00:00,230.3932416291,21.994,0.0,1.174,313.763,591.303,0.937
2014-12-12 15:00:00,130.38974022690002,19.916,0.0,1.174,163.773,390.92,0.936
2014-12-12 16:00:00,44.7542306145,16.756,0.0,1.175,44.553,144.356,0.936
2014-12-12 17:00:00,1.9643876406,15.097,0.0,1.178,0.044,0.266,0.94
2014-12-13 07:00:00,30.924315576,8.579,0.0,1.217,36.598,119.939,0.833
2014-12-13 08:00:00,133.4367082125,10.528,0.0,1.218,165.983,369.297,0.589
2014-12-13 09:00:00,195.113728755,12.349,0.0,1.215,327.433,574.371,0.49
2014-12-13 10:00:00,282.8057366772,15.308,0.0,1.204,447.597,720.54,0.578
2014-12-13 11:00:00,338.8672825461,19.009,0.0,1.188,473.31,798.016,0.704
2014-12-13 12:00:00,368.1640597437,20.662,0.0,1.18,454.138,801.332,0.698
2014-12-13 13:00:00,315.040119471,20.935,0.0,1.177,404.198,730.437,0.592
2014-12-13 14:00:00,246.23584646760003,20.583,0.0,1.177,306.9,590.053,0.403
2014-12-13 15:00:00,95.1790658742,18.906,0.0,1.178,171.882,389.769,0.277
2014-12-13 16:00:00,55.9757846142,15.109,0.0,1.183,44.151,143.286,0.282
2014-12-13 17:00:00,9.7101747864,12.603,0.0,1.192,0.036,0.23,0.316
2014-12-14 07:00:00,11.4393085884,8.214,0.0,1.219,31.293,119.004,0.745
2014-12-14 08:00:00,87.6947830209,10.477,0.003,1.218,134.677,368.187,0.689
2014-12-14 09:00:00,166.7100484071,12.711,0.0,1.212,280.788,573.121,0.433
2014-12-14 10:00:00,255.12715129770004,15.749,0.0,1.201,409.995,719.29,0.27
2014-12-14 11:00:00,317.02476664980003,18.358,0.0,1.191,517.02,796.766,0.249
2014-12-14 12:00:00,334.1688349527,19.807,0.0,1.185,520.208,800.082,0.265
2014-12-14 13:00:00,306.8089105752,20.309,0.001,1.181,461.487,729.19,0.289
2014-12-14 14:00:00,240.9753490947,20.112,0.001,1.18,334.918,589.002,0.397
2014-12-14 15:00:00,144.194288535,19.327,0.002,1.18,181.035,388.768,0.539
2014-12-14 16:00:00,50.7910534362,16.874,0.001,1.182,46.515,142.294,0.547
2014-12-14 17:00:00,2.3353777062000005,15.434,0.001,1.185,0.029,0.198,0.544
2014-12-15 07:00:00,9.864316964700002,9.199,0.0,1.22,41.091,118.167,0.017
2014-12-15 08:00:00,53.7694168176,10.7,0.0,1.221,184.643,367.187,0.008
2014-12-15 09:00:00,177.3425796219,12.641,0.0,1.216,339.58,572.121,0.007
2014-12-15 10:00:00,266.0499359694,17.207,0.0,1.199,458.992,718.29,0.006
2014-12-15 11:00:00,306.9124566156,19.166,0.0,1.192,540.339,795.766,0.007
2014-12-15 12:00:00,325.0000560807,19.888,0.0,1.189,542.638,799.082,0.007
2014-12-15 13:00:00,300.64839053040004,20.086,0.0,1.187,481.748,728.187,0.007
2014-12-15 14:00:00,244.02509065440003,19.872,0.0,1.186,353.036,588.002,0.006
2014-12-15 15:00:00,151.0627892598,19.205,0.0,1.185,201.816,387.78,0.005
2014-12-15 16:00:00,54.3378487905,16.468,0.0,1.186,53.52,141.468,0.005
2014-12-15 17:00:00,2.8479759957000006,14.543,0.0,1.188,0.029,0.174,0.005
2014-12-16 07:00:00,7.7350803156,6.013,0.0,1.231,46.538,117.448,0.0
2014-12-16 08:00:00,40.0493551986,8.848,0.0,1.232,202.477,366.422,0.0
2014-12-16 09:00:00,89.05153686660002,11.192,0.0,1.227,365.284,571.371,0.0
2014-12-16 10:00:00,203.172885234,15.216,0.0,1.211,491.248,717.507,0.0
2014-12-16 11:00:00,285.6744221859,18.126,0.0,1.198,468.727,794.766,0.0
2014-12-16 12:00:00,290.2709697624,19.029,0.0,1.194,480.491,798.308,0.0
2014-12-16 13:00:00,275.2961241195,19.45,0.0,1.191,433.155,727.407,0.0
2014-12-16 14:00:00,232.9875513009,19.28,0.0,1.189,325.996,587.053,0.0
2014-12-16 15:00:00,151.72838311950002,17.708,0.0,1.189,186.241,387.019,0.0
2014-12-16 16:00:00,56.098091511,14.258,0.0,1.191,48.999,140.723,0.0
2014-12-16 17:00:00,2.8341074718000008,12.358,0.0,1.194,0.025,0.154,0.0
2014-12-17 07:00:00,9.5682907188,4.279,0.0,1.236,45.89,116.826,0.0
2014-12-17 08:00:00,64.24496029710001,7.693,0.0,1.237,201.831,365.687,0.0
2014-12-17 09:00:00,165.8837865366,10.14,0.0,1.232,364.455,570.621,0.0
2014-12-17 10:00:00,252.3531752478,13.79,0.0,1.218,489.47,716.757,0.0
2014-12-17 11:00:00,303.62295787560004,17.333,0.0,1.202,487.47,794.016,0.0
2014-12-17 12:00:00,343.059475275,18.505,0.0,1.196,495.671,797.558,0.0
2014-12-17 13:00:00,319.995203418,19.09,0.0,1.192,443.686,726.657,0.0
2014-12-17 14:00:00,256.5628562277,18.656,0.0,1.19,271.296,586.502,0.0
2014-12-17 15:00:00,161.39065562730002,16.638,0.0,1.189,145.151,386.393,0.0
2014-12-17 16:00:00,57.0978694143,14.681,0.0,1.19,35.76,140.098,0.0
2014-12-17 17:00:00,2.919526236,13.46,0.0,1.193,0.014,0.142,0.0
2014-12-18 07:00:00,7.604104325400001,6.648,0.0,1.234,28.234,116.305,0.94
2014-12-18 08:00:00,39.6511398063,7.48,0.0,1.235,124.166,365.172,0.937
2014-12-18 09:00:00,66.780396342,9.133,0.0,1.234,239.888,569.895,0.937
2014-12-18 10:00:00,101.3644873197,11.17,0.0,1.226,337.137,716.04,0.933
2014-12-18 11:00:00,178.30105752690005,14.422,0.0,1.213,440.642,793.516,0.935
2014-12-18 12:00:00,291.5778784446,17.806,0.0,1.197,444.957,796.832,0.936
2014-12-18 13:00:00,265.3370067645,18.914,0.0,1.19,388.976,726.136,0.938
2014-12-18 14:00:00,225.5495073876,18.565,0.0,1.188,252.878,585.803,0.936
2014-12-18 15:00:00,122.6546868096,16.847,0.0,1.189,135.138,385.878,0.934
2014-12-18 16:00:00,25.9970938029,14.801,0.0,1.192,36.246,139.598,0.93
2014-12-18 17:00:00,1.72107738,13.252,0.0,1.196,0.016,0.132,0.93
2014-12-19 07:00:00,3.4917522849000004,7.163,0.0,1.234,27.46,115.899,0.846
2014-12-19 08:00:00,33.5326577751,7.965,0.0,1.235,118.848,364.687,0.493
2014-12-19 09:00:00,53.481880415700005,9.349,0.0,1.234,235.125,569.591,0.151
2014-12-19 10:00:00,87.2792822583,11.137,0.0,1.228,331.695,715.54,0.011
2014-12-19 11:00:00,155.1506127732,15.024,0.0,1.212,494.56,793.016,0.0
2014-12-19 12:00:00,272.5399953639,18.264,0.0,1.198,498.354,796.332,0.0
2014-12-19 13:00:00,275.2491319182,18.892,0.0,1.193,443.078,725.636,0.0
2014-12-19 14:00:00,224.65173469860005,18.306,0.0,1.192,257.38,585.502,0.0
2014-12-19 15:00:00,129.8743570377,16.013,0.0,1.192,139.861,385.394,0.0
2014-12-19 16:00:00,48.868998057,13.541,0.0,1.194,34.733,139.218,0.0
2014-12-19 17:00:00,3.4365178782000005,12.152,0.0,1.198,0.015,0.124,0.0
2014-12-20 07:00:00,3.7178787789,4.875,0.0,1.235,33.351,115.618,0.933
2014-12-20 08:00:00,21.8185812009,7.686,0.0,1.235,130.106,364.42,0.937
2014-12-20 09:00:00,52.853906932200005,9.581,0.0,1.231,255.53,569.145,0.928
2014-12-20 10:00:00,93.8357843742,12.314,0.0,1.221,412.345,715.29,0.573
2014-12-20 11:00:00,117.2531092689,16.781,0.0,1.203,554.607,792.766,0.044
2014-12-20 12:00:00,179.81687583090002,20.045,0.0,1.189,559.576,796.082,0.336
2014-12-20 13:00:00,188.2580073363,20.78,0.0,1.183,450.275,725.386,0.908
2014-12-20 14:00:00,193.95060313860003,19.811,0.0,1.181,214.26,585.249,0.933
2014-12-20 15:00:00,102.4193768994,17.527,0.0,1.181,137.215,385.143,0.915
2014-12-20 16:00:00,50.23896092820001,14.616,0.0,1.182,41.837,138.911,0.926
2014-12-20 17:00:00,2.4944506587,11.955,0.0,1.186,0.019,0.119,0.935
2014-12-21 07:00:00,5.488390442699999,5.975,0.0,1.225,31.739,115.43,0.924
2014-12-21 08:00:00,32.109209757900004,8.664,0.0,1.226,110.121,364.172,0.83
2014-12-21 09:00:00,57.549909502800006,10.459,0.0,1.223,237.113,569.091,0.533
2014-12-21 10:00:00,86.44986272340002,13.385,0.0,1.214,410.221,715.04,0.196
2014-12-21 11:00:00,129.01329105390002,18.029,0.0,1.195,537.853,792.516,0.02
2014-12-21 12:00:00,175.1926882365,20.08,0.0,1.186,548.33,796.058,0.067
2014-12-21 13:00:00,261.15838254,20.836,0.0,1.181,483.963,725.187,0.045
2014-12-21 14:00:00,202.86279651330003,20.743,0.0,1.179,373.416,585.002,0.058
2014-12-21 15:00:00,153.4555922229,19.638,0.0,1.179,212.263,385.003,0.307
2014-12-21 16:00:00,46.9661424012,17.34,0.0,1.18,53.818,138.78,0.363
2014-12-21 17:00:00,3.6845048493,15.338,0.0,1.183,0.02,0.115,0.044
2014-12-22 07:00:00,3.4222261689,9.235,0.0,1.219,23.413,115.339,0.982
2014-12-22 08:00:00,22.348091878200005,9.971,0.0,1.22,88.47,364.17,0.979
2014-12-22 09:00:00,53.649630084600005,11.168,0.0,1.219,160.886,569.091,0.976
2014-12-22 10:00:00,88.7124467691,12.28,0.0,1.216,216.286,715.04,0.975
2014-12-22 11:00:00,166.84738012800003,14.137,0.0,1.208,272.125,792.516,0.972
2014-12-22 12:00:00,288.5466340944001,16.695,0.0,1.196,334.47,796.058,0.95
2014-12-22 13:00:00,303.7864240719,17.721,0.0,1.191,346.143,725.187,0.826
2014-12-22 14:00:00,247.4573258223,17.918,0.0,1.188,282.258,585.002,0.596
2014-12-22 15:00:00,155.3967996273,17.138,0.0,1.187,165.188,385.003,0.523
2014-12-22 16:00:00,56.6897443398,15.261,0.0,1.188,44.845,138.723,0.456
2014-12-22 17:00:00,3.5483974911,13.801,0.0,1.19,0.017,0.114,0.353
2014-12-23 07:00:00,4.3366766751000005,7.476,0.0,1.224,29.276,115.371,0.369
2014-12-23 08:00:00,22.8155293377,8.683,0.0,1.226,124.961,364.172,0.388
2014-12-23 09:00:00,40.542704868600005,10.316,0.0,1.224,234.125,569.121,0.376
2014-12-23 10:00:00,64.0994412564,12.249,0.0,1.218,322.831,715.29,0.376
2014-12-23 11:00:00,108.5007078045,14.727,0.0,1.206,338.991,792.766,0.363
2014-12-23 12:00:00,197.0981291664,17.123,0.0,1.195,342.759,796.082,0.357
2014-12-23 13:00:00,255.2055686631,18.432,0.0,1.188,303.498,725.386,0.335
2014-12-23 14:00:00,212.0946950232,18.343,0.0,1.187,226.222,585.053,0.209
2014-12-23 15:00:00,130.309831476,16.572,0.0,1.187,137.486,385.019,0.029
2014-12-23 16:00:00,47.79165656429999,14.292,0.0,1.188,34.723,138.786,0.009
2014-12-23 17:00:00,3.1572555894,12.633,0.0,1.191,0.014,0.116,0.0
2014-12-24 07:00:00,5.357699661600001,6.166,0.0,1.229,42.05,115.52,0.082
2014-12-24 08:00:00,30.288605292000003,8.64,0.0,1.23,188.315,364.42,0.195
2014-12-24 09:00:00,60.1115466699,11.071,0.0,1.226,342.41,569.371,0.585
2014-12-24 10:00:00,100.8308838537,14.155,0.0,1.215,441.075,715.54,0.92
2014-12-24 11:00:00,132.3924930108,17.898,0.0,1.198,435.926,793.016,0.934
2014-12-24 12:00:00,244.7743243968,19.899,0.0,1.188,437.514,796.332,0.933
2014-12-24 13:00:00,292.3126174881,20.591,0.0,1.184,409.863,725.636,0.922
2014-12-24 14:00:00,236.1610902717,20.442,0.0,1.182,298.889,585.303,0.764
2014-12-24 15:00:00,140.8059996354,18.844,0.0,1.182,171.623,385.269,0.431
2014-12-24 16:00:00,47.1232582029,16.48,0.0,1.183,45.585,138.973,0.104
2014-12-24 17:00:00,1.8430726050000004,14.63,0.0,1.187,0.017,0.119,0.096
2014-12-25 05:00:00,0.0114109775999999,5.394,0.0,1.218,0.0,0.0,0.0
2014-12-25 07:00:00,5.754752110800001,5.266,0.0,1.226,44.964,115.743,0.0
2014-12-25 08:00:00,32.68468342260001,9.262,0.0,1.227,198.734,364.687,0.0
2014-12-25 09:00:00,70.62867688140001,11.973,0.0,1.221,360.45,569.642,0.0
2014-12-25 10:00:00,110.7096868053,15.698,0.0,1.206,484.913,716.007,0.0
2014-12-25 11:00:00,271.1584294155,19.483,0.0,1.189,516.664,793.516,0.0
2014-12-25 12:00:00,319.54446217980006,20.688,0.0,1.183,521.755,796.832,0.0
2014-12-25 13:00:00,306.7321810509,21.091,0.0,1.18,464.716,726.136,0.0
2014-12-25 14:00:00,247.1918059512,20.718,0.0,1.179,329.536,585.803,0.0
2014-12-25 15:00:00,155.3987160495,18.797,0.0,1.18,185.761,385.643,0.0
2014-12-25 16:00:00,58.9282789095,15.477,0.0,1.182,48.067,139.286,0.001
2014-12-25 17:00:00,4.310991521100001,13.96,0.0,1.185,0.02,0.124,0.001
2014-12-26 07:00:00,5.45996286,7.299,0.0,1.223,46.841,116.111,0.0
2014-12-26 08:00:00,32.2013035476,10.531,0.0,1.222,203.236,365.172,0.0
2014-12-26 09:00:00,76.10548504680001,13.459,0.0,1.214,364.199,570.145,0.0
2014-12-26 10:00:00,138.14694205290004,17.295,0.0,1.199,488.053,716.51,0.0
2014-12-26 11:00:00,235.0703144394,21.472,0.0,1.181,526.27,794.016,0.0
2014-12-26 12:00:00,340.1303046372,22.626,0.0,1.175,529.182,797.528,0.0
2014-12-26 13:00:00,328.87306661220003,22.981,0.0,1.172,469.618,726.636,0.0
2014-12-26 14:00:00,267.295947336,22.41,0.0,1.17,296.665,586.303,0.0
2014-12-26 15:00:00,175.75143638580002,19.721,0.0,1.17,164.642,386.143,0.0
2014-12-26 16:00:00,71.3415772278,15.52,0.0,1.173,42.374,139.723,0.0
2014-12-26 17:00:00,4.655465199,12.985,0.0,1.177,0.019,0.132,0.0
2014-12-27 07:00:00,16.0549512354,5.107,0.0,1.233,55.312,116.552,0.0
2014-12-27 08:00:00,124.4761768503,7.423,0.0,1.234,230.531,365.687,0.0
2014-12-27 09:00:00,250.118782254,10.264,0.0,1.226,401.755,570.871,0.0
2014-12-27 10:00:00,347.880991194,14.291,0.0,1.21,529.381,717.257,0.0
2014-12-27 11:00:00,404.2372006431,19.181,0.0,1.19,599.719,794.766,0.0
2014-12-27 12:00:00,408.0952047546,21.925,0.0,1.178,600.895,798.278,0.0
2014-12-27 13:00:00,373.21287958350007,22.837,0.0,1.173,535.697,727.386,0.0
2014-12-27 14:00:00,305.2715474952,22.574,0.0,1.171,383.298,587.023,0.0
2014-12-27 15:00:00,197.7668211222,20.75,0.0,1.172,220.799,386.768,0.0
2014-12-27 16:00:00,76.67074214910001,18.757,0.0,1.174,58.484,140.286,0.0
2014-12-27 17:00:00,4.9906613592,17.47,0.0,1.178,0.025,0.143,0.0
2014-12-28 07:00:00,3.581129890800001,6.721,0.0,1.23,47.923,117.136,0.187
2014-12-28 08:00:00,23.491065222900005,8.407,0.0,1.231,209.675,366.422,0.125
2014-12-28 09:00:00,51.551032123800006,10.633,0.0,1.228,378.957,571.621,0.028
2014-12-28 10:00:00,106.0330318443,13.966,0.0,1.215,506.935,718.04,0.006
2014-12-28 11:00:00,162.239792814,18.42,0.0,1.196,552.655,795.516,0.001
2014-12-28 12:00:00,240.9266046924,20.016,0.0,1.189,558.342,799.079,0.0
2014-12-28 13:00:00,305.7837462306,20.504,0.0,1.185,500.074,728.187,0.0
2014-12-28 14:00:00,269.4528971838,20.126,0.0,1.184,347.407,587.803,0.0
2014-12-28 15:00:00,198.945429705,18.312,0.0,1.183,198.031,387.519,0.0
2014-12-28 16:00:00,75.34342713150001,15.945,0.0,1.185,51.916,140.911,0.0
2014-12-28 17:00:00,6.882236064000001,14.456,0.0,1.188,0.026,0.155,0.001
2014-12-29 07:00:00,3.0225985614,7.322,0.0,1.228,44.305,117.792,0.327
2014-12-29 08:00:00,21.6784950723,8.634,0.0,1.229,200.802,367.295,0.072
2014-12-29 09:00:00,50.9674442112,10.755,0.0,1.226,371.166,572.621,0.0
2014-12-29 10:00:00,79.0135668729,14.383,0.0,1.212,496.58,719.04,0.0
2014-12-29 11:00:00,98.6595454845,17.909,0.0,1.196,538.076,796.745,0.0
2014-12-29 12:00:00,120.7240605648,18.904,0.0,1.191,541.483,800.082,0.0
2014-12-29 13:00:00,169.22761254629998,19.22,0.0,1.188,481.58,729.187,0.0
2014-12-29 14:00:00,218.4551825841,18.901,0.0,1.187,353.037,588.803,0.0
2014-12-29 15:00:00,169.9998874596,17.441,0.0,1.187,200.129,388.394,0.0
2014-12-29 16:00:00,70.21041528600001,14.65,0.0,1.188,51.882,141.723,0.0
2014-12-29 17:00:00,5.846265245700001,13.05,0.0,1.192,0.028,0.176,0.0
2014-12-30 07:00:00,5.7574250613,6.862,0.0,1.226,38.156,118.57,0.858
2014-12-30 08:00:00,25.0038187542,8.25,0.0,1.227,164.924,368.187,0.714
2014-12-30 09:00:00,47.3261831163,10.145,0.0,1.224,323.037,573.621,0.517
2014-12-30 10:00:00,81.9687369501,13.291,0.0,1.212,457.127,720.236,0.246
2014-12-30 11:00:00,118.9211229459,17.195,0.0,1.196,551.328,797.766,0.088
2014-12-30 12:00:00,167.9742080676,18.566,0.0,1.189,556.225,801.308,0.074
2014-12-30 13:00:00,285.4533281787,19.061,0.0,1.185,494.487,730.407,0.072
2014-12-30 14:00:00,269.45480837880007,18.762,0.0,1.184,347.394,589.803,0.21
2014-12-30 15:00:00,198.3746895966,17.534,0.0,1.184,192.325,389.394,0.377
2014-12-30 16:00:00,89.88681794400001,15.185,0.0,1.187,49.37,142.599,0.601
2014-12-30 17:00:00,12.4522033878,13.337,0.0,1.19,0.034,0.2,0.801
2014-12-31 05:00:00,0.0345557124,8.922,0.0,1.214,0.0,0.0,0.848
2014-12-31 07:00:00,6.346436085000001,8.489,0.0,1.218,32.456,119.473,0.82
2014-12-31 08:00:00,47.0592380709,9.846,0.0,1.22,133.925,369.312,0.839
2014-12-31 09:00:00,179.7726822507,11.622,0.0,1.219,257.732,574.871,0.813
2014-12-31 10:00:00,276.1716732588,14.198,0.0,1.21,369.461,721.507,0.788
2014-12-31 11:00:00,324.5272118451,17.476,0.0,1.195,413.954,799.049,0.785
2014-12-31 12:00:00,347.75849034630005,18.663,0.0,1.19,420.712,802.582,0.695
2014-12-31 13:00:00,338.921865513,19.078,0.0,1.187,383.383,731.687,0.536
2014-12-31 14:00:00,268.19336272410004,18.981,0.0,1.185,308.296,591.053,0.314
2014-12-31 15:00:00,173.3987665575,17.794,0.0,1.185,178.384,390.519,0.18
2014-12-31 16:00:00,66.50164740780001,15.906,0.0,1.187,47.19,143.599,0.077
2014-12-31 17:00:00,5.2340785596,15.058,0.0,1.19,0.036,0.232,0.026
